{
  "MRR@5": 0.12333333333333334,
  "Recall@5": 0.13333333333333333,
  "misses_sample": [
    1,
    3,
    4
  ]
}