{
  "tfidf": {
    "MRR@5": 0.07833333333333334,
    "Recall@5": 0.09999999999999999,
    "misses_sample": [
      1,
      2,
      3
    ]
  },
  "bm25": {
    "MRR@5": 0.15333333333333332,
    "Recall@5": 0.16666666666666666,
    "misses_sample": [
      1,
      3,
      4
    ]
  },
  "combined": {
    "MRR@5": 0.12333333333333334,
    "Recall@5": 0.13333333333333333,
    "misses_sample": [
      1,
      3,
      4
    ]
  }
}