{
  "MRR@5": 0.13333333333333333,
  "Recall@5": 0.09999999999999999,
  "misses_sample": [
    1,
    2,
    3
  ]
}